posted,company,title,location,label,source,url
posted yesterday,Intuitive Surgical,AI Research Intern,"Sunnyvale, CA",confirmed,Simplify 2027 list,https://jobs.smartrecruiters.com/Intuitive/744000151714759
posted yesterday,Snowflake,Software Engineer Intern (AI / ML) - Spring 2027,US-CA-Menlo Park,confirmed,career site,https://jobs.ashbyhq.com/snowflake/4be290ae-dd9d-488c-9d90-56fcd69101ca
posted yesterday,Snowflake,Software Engineer Intern (Database Engineering) - Spring 2027,US-CA-Menlo Park,confirmed,career site,https://jobs.ashbyhq.com/snowflake/7bd393df-67d7-4009-ba4f-1cd79a82b0be
posted yesterday,Snowflake,"Software Engineer Intern (Core, Infrastructure & Security) — Spring 2027",US-CA-Menlo Park,confirmed,career site,https://jobs.ashbyhq.com/snowflake/5315b6f6-2c14-4cb9-a884-c2bae69f2c69
posted yesterday,FOX,Internship Program - Data Analytics,NYC,confirmed,Simplify 2027 list,https://fox.wd1.myworkdayjobs.com/Domestic/job/New-York-New-York-USA/Spring-2027-FOX-News-Media-Internship-Program---Data-Analytics---New-York_R50033950
posted yesterday,ICF International,Data Scientist Intern,"Remote in USA, Reston, VA, Denver, CO",confirmed,Simplify 2027 list,https://icf.wd5.myworkdayjobs.com/icfexternal_career_site/job/Reston-VA/XMLNAME-2027-Summer-Intern--Data-Scientist--Reston--VA--Denver--CO--Remote-_R2603252
posted yesterday,Intel,Software Research Intern - PhD,"Hillsboro, OR",confirmed,Simplify 2027 list,https://intel.wd1.myworkdayjobs.com/en-us/external/job/US-Oregon-Hillsboro/Software-Solutions-PhD-Intern-New-2027_JR0287314
posted yesterday,Intel,System Software Engineer PhD Intern - Intel Foundry - LTD CMT Litho Tools,"Hillsboro, OR",confirmed,Simplify 2027 list,https://intel.wd1.myworkdayjobs.com/en-us/external/job/US-Oregon-Hillsboro/System-Software-Engineering---PhD-Intern_JR0287457
posted yesterday,Cencora,Software Intern,Remote in USA,confirmed,Simplify 2027 list,https://myhrabc.wd5.myworkdayjobs.com/Global/job/Remote-USA/Software-Intern_R2613763
posted yesterday,GlobalFoundries,Design Application Engineering Intern,"Santa Clara, CA",confirmed,Simplify 2027 list,https://globalfoundries.wd1.myworkdayjobs.com/External/job/USA---California---Santa-Clara/Design-Application-Engineering-Intern--Summer-2027-_JR-2604221
posted yesterday,The Aerospace Corporation,Software Systems Engineer Intern - Acquisition,"Chantilly, VA, El Segundo, CA",confirmed,Simplify 2027 list,https://aero.wd5.myworkdayjobs.com/external/job/El-Segundo-CA/XMLNAME-2027-Software-Systems-Engineer-and-Acquisition-Intern_R016431
posted yesterday,DRW,Software Developer Intern,"Chicago, IL",confirmed,Simplify 2027 list,https://job-boards.greenhouse.io/drwuniversityjobs/jobs/8220587
posted yesterday,State Farm,Data Science Intern - Magnet Program,"Tempe, AZ",confirmed,Simplify 2027 list,https://jobs.statefarm.com/jobs/46353?icims=1
posted yesterday,Boston Scientific,Software Development Engineer Intern,"Waltham, MA",confirmed,Simplify 2027 list,https://bostonscientific.eightfold.ai/careers/job/563602813567960
posted yesterday,Boston Scientific,Software Development Engineer Co-op,"Waltham, MA",confirmed,Simplify 2027 list,https://bostonscientific.eightfold.ai/careers/job/563602813567963
posted yesterday,Lazard,AI and Data Transformation Intern,NYC,confirmed,Simplify 2027 list,https://icbpjb.fa.ocs.oraclecloud.com/hcmUI/CandidateExperience/en/sites/LazardProfessionalCareers/job/6650
posted yesterday,PathAI,Machine Learning Intern/Co-op,"Boston, MA, Remote in USA, NYC",confirmed,Simplify 2027 list,https://www.pathai.com/careers/8843495002?gh_jid=8843495002
posted yesterday,Astranis,Harness Design Engineer Intern (Summer 2027),San Francisco,confirmed,career site,https://job-boards.greenhouse.io/astranis/jobs/4704779006
posted yesterday,Notion,"Software Engineer Intern, Mobile (Winter 2027)","San Francisco, California",confirmed,career site,https://jobs.ashbyhq.com/notion/2b587e66-deac-421a-a824-9415ba78b5a7
posted yesterday,Flagship Pioneering,Pioneering Medicines: Biologic Formulations Technical Operations Co-Op,"Cambridge, MA USA",possible,career site,https://job-boards.greenhouse.io/fspco-op012325/jobs/8842350002
posted yesterday,Astranis,"Software Developer, Network Software Intern (Summer 2027)",San Francisco,confirmed,career site,https://job-boards.greenhouse.io/astranis/jobs/4705597006
posted yesterday,Samsara,Firmware Engineer Co-Op,San Francisco - SF9,possible,career site,https://www.samsara.com/company/careers/roles/8226602?gh_jid=8226602
posted yesterday,Reflect Orbital,Ground Software Engineering Intern,"Hawthorne, CA",possible,career site,https://jobs.ashbyhq.com/reflect-orbital/c394615d-26c6-4435-ad84-3ca3269c2952
posted yesterday,Waymo,"2027 Summer Intern, PhD, Software Engineer, Simulation","Mountain View, CA, USA",confirmed,career site,https://careers.withwaymo.com/jobs?gh_jid=8227640
posted yesterday,Brightstar.AI,Applied AI Engineer Intern - Advancing Agent Quality,Miami,possible,career site,https://jobs.ashbyhq.com/brightstar-ai/a72ffc7e-38ba-4d7c-8d08-cac6b9974024
posted yesterday,GrayMatter Robotics,Robotics Engineering Intern: Systems & Applications - IMMEDIATE START,Los Angeles - HQ,possible,career site,https://jobs.ashbyhq.com/graymatter-robotics/aa7c2419-7bb9-4080-9403-937c4db01bb6
posted yesterday,Wurl,Data Science Intern,Remote - United States,possible,career site,https://job-boards.greenhouse.io/wurljobs/jobs/4716249006
posted yesterday,Kitware,Computer Vision Co-Op,"Clifton Park, New York",possible,career site,https://jobs.lever.co/kitware/e76197d1-4dc3-4f7c-a30a-597713283bb3
posted 2 days ago,Zekelman Industries,"Intern, Business Intelligence","Troy, MI; Austin, TX",possible,career site,https://zekelman.wd12.myworkdayjobs.com/en-US/Careers/job/Troy-MI/Intern--Business-Intelligence_JR002769
posted 2 days ago,Direct Supply,Software Engineer Intern,"Milwaukee, WI; Durham, NC",possible,career site,https://directsupply.wd501.myworkdayjobs.com/en-US/direct-supply-careers/job/Milwaukee-WI/Software-Engineer-Intern_REQ-2026-2559
